Date,Close
2021-08-05,116.245
2021-08-06,116.24
2021-08-09,116.22
2021-08-10,116.235
2021-08-11,116.235
2021-08-12,116.22
2021-08-13,116.23
2021-08-16,116.225
2021-08-17,116.225
2021-08-18,116.215
2021-08-19,116.215
2021-08-20,116.215
2021-08-23,116.205
2021-08-24,116.205
2021-08-25,116.205
2021-08-26,116.195
2021-08-27,116.195
2021-08-30,116.19
2021-08-31,116.185
2021-09-01,116.185
2021-09-02,116.175
2021-09-03,116.175
2021-09-06,116.175
2021-09-07,116.165
2021-09-08,116.165
2021-09-09,116.165
2021-09-10,116.155
2021-09-13,116.155
2021-09-14,116.155
2021-09-15,116.155
2021-09-16,116.145
2021-09-17,116.145
2021-09-20,116.14
2021-09-21,116.135
2021-09-22,116.135
2021-09-23,116.13
2021-09-24,116.135
2021-09-27,116.125
2021-09-28,116.13
2021-09-29,116.12
2021-09-30,116.115
2021-10-01,116.115
2021-10-04,116.11
2021-10-05,116.11
2021-10-06,116.12
2021-10-07,116.1
2021-10-08,116.09
2021-10-11,116.11
2021-10-12,116.07
2021-10-13,116.08
2021-10-14,116.08
2021-10-15,116.07
2021-10-18,116.07
2021-10-19,116.07
2021-10-20,116.065
2021-10-21,116.06
2021-10-22,116.055
2021-10-25,116.055
2021-10-26,116.055
2021-10-27,116.05
2021-10-28,116.05
2021-10-29,116.035
2021-11-01,116.04
2021-11-02,116.04
2021-11-03,116.04
2021-11-04,116.035
2021-11-05,116.035
2021-11-08,116.03
2021-11-09,116.035
2021-11-10,116.03
2021-11-11,116.025
2021-11-12,116.025
2021-11-15,116.025
2021-11-16,116.035
2021-11-17,116.03
2021-11-18,116.025
2021-11-19,116.025
2021-11-22,116.025
2021-11-23,116.025
2021-11-24,116.025
2021-11-25,116.015
2021-11-26,116.01
2021-11-29,116.01
2021-11-30,116.035
2021-12-01,116.01
2021-12-02,116.01
2021-12-03,116.0
2021-12-06,115.995
2021-12-07,115.99
2021-12-08,115.99
2021-12-09,115.99
2021-12-10,115.955
2021-12-13,115.955
2021-12-14,115.95
2021-12-15,115.94
2021-12-16,115.935
2021-12-17,115.94
2021-12-20,115.93
2021-12-21,115.92
2021-12-22,115.91
2021-12-23,115.895
2021-12-24,115.925
2021-12-27,115.885
2021-12-28,115.895
2021-12-29,115.915
2021-12-30,115.875
2021-12-31,115.88
2022-01-03,115.86
2022-01-04,115.855
2022-01-05,115.83
2022-01-06,115.845
2022-01-07,115.855
2022-01-10,115.86
2022-01-11,115.82
2022-01-12,115.83
2022-01-13,115.825
2022-01-14,115.82
2022-01-17,115.82
2022-01-18,115.81
2022-01-19,115.815
2022-01-20,115.805
2022-01-21,115.84
2022-01-24,115.805
2022-01-25,115.805
2022-01-26,115.8
2022-01-27,115.79
2022-01-28,115.785
2022-01-31,115.785
2022-02-01,115.78
2022-02-02,115.78
2022-02-03,115.765
2022-02-04,115.77
2022-02-07,115.76
2022-02-08,115.785
2022-02-09,115.76
2022-02-10,115.76
2022-02-11,115.755
2022-02-14,115.755
2022-02-15,115.78
2022-02-16,115.75
2022-02-17,115.745
2022-02-18,115.74
2022-02-21,115.74
2022-02-22,115.735
2022-02-23,115.735
2022-02-24,115.73
2022-02-25,115.73
2022-02-28,115.73
2022-03-01,115.73
2022-03-02,115.725
2022-03-03,115.725
2022-03-04,115.715
2022-03-07,115.72
2022-03-08,115.72
2022-03-09,115.715
2022-03-10,115.72
2022-03-11,115.67
2022-03-14,115.71
2022-03-15,115.7
2022-03-16,115.69
2022-03-17,115.685
2022-03-18,115.68
2022-03-21,115.67
2022-03-22,115.665
2022-03-23,115.7
2022-03-24,115.63
2022-03-25,115.665
2022-03-28,115.66
2022-03-29,115.64
2022-03-30,115.61
2022-03-31,115.63
2022-04-01,115.625
2022-04-04,115.62
2022-04-05,115.62
2022-04-06,115.63
2022-04-07,115.61
2022-04-08,115.61
2022-04-11,115.645
2022-04-12,115.62
2022-04-13,115.615
2022-04-14,115.6
2022-04-19,115.575
2022-04-20,115.585
2022-04-21,115.575
2022-04-22,115.57
2022-04-25,115.565
2022-04-26,115.575
2022-04-27,115.535
2022-04-28,115.565
2022-04-29,115.56
2022-05-02,115.545
2022-05-03,115.555
2022-05-04,115.54
2022-05-05,115.56
2022-05-06,115.48
2022-05-09,115.525
2022-05-10,115.52
2022-05-11,115.55
2022-05-12,115.515
2022-05-13,115.52
2022-05-16,115.51
2022-05-17,115.505
2022-05-18,115.5
2022-05-19,115.495
2022-05-20,115.49
2022-05-23,115.495
2022-05-24,115.495
2022-05-25,115.505
2022-05-26,115.48
2022-05-27,115.48
2022-05-30,115.475
2022-05-31,115.47
2022-06-01,115.465
2022-06-02,115.455
2022-06-03,115.46
2022-06-06,115.445
2022-06-07,115.445
2022-06-08,115.44
2022-06-09,115.46
2022-06-10,115.45
2022-06-13,115.445
2022-06-14,115.425
2022-06-15,115.425
2022-06-16,115.44
2022-06-17,115.445
2022-06-20,115.405
2022-06-21,115.405
2022-06-22,115.37
2022-06-23,115.45
2022-06-24,115.405
2022-06-27,115.395
2022-06-28,115.4
2022-06-29,115.395
2022-06-30,115.39
2022-07-01,115.43
2022-07-04,115.42
2022-07-05,115.39
2022-07-06,115.385
2022-07-07,115.38
2022-07-08,115.375
2022-07-11,115.37
2022-07-12,115.375
2022-07-13,115.395
2022-07-14,115.405
2022-07-15,115.38
2022-07-18,115.39
2022-07-19,115.33
2022-07-20,115.325
2022-07-21,115.29
2022-07-22,115.28
2022-07-25,115.3
2022-07-26,115.295
2022-07-27,115.29
2022-07-28,115.295
2022-07-29,115.295
2022-08-01,115.3
2022-08-02,115.295
2022-08-03,115.29
2022-08-04,115.295
2022-08-05,115.295
2022-08-08,115.29
2022-08-09,115.29
2022-08-10,115.245
2022-08-11,115.285
2022-08-12,115.25
2022-08-15,115.295
2022-08-16,115.29
2022-08-17,115.285
2022-08-18,115.205
2022-08-19,115.3
2022-08-22,115.285
2022-08-23,115.215
2022-08-24,115.335
2022-08-25,115.305
2022-08-26,115.295
2022-08-29,115.29
2022-08-30,115.245
2022-08-31,115.24
2022-09-01,115.275
2022-09-02,115.275
2022-09-05,115.245
2022-09-06,115.245
2022-09-07,115.235
2022-09-08,115.2
2022-09-09,115.2
2022-09-12,115.17
2022-09-13,115.17
2022-09-14,115.18
2022-09-15,115.185
2022-09-16,115.17
2022-09-19,115.105
2022-09-20,115.125
2022-09-21,115.145
2022-09-22,115.145
2022-09-23,115.135
2022-09-26,115.14
2022-09-27,115.145
2022-09-28,115.155
2022-09-29,115.16
2022-09-30,115.03
2022-10-03,115.175
2022-10-04,115.185
2022-10-05,115.18
2022-10-06,115.175
2022-10-07,115.18
2022-10-10,115.18
2022-10-11,115.18
2022-10-12,115.175
2022-10-13,115.18
2022-10-14,115.18
2022-10-17,115.185
2022-10-18,115.19
2022-10-19,115.19
2022-10-20,115.2
2022-10-21,115.2
2022-10-24,115.205
2022-10-25,115.205
2022-10-26,115.2
2022-10-27,115.215
2022-10-28,115.2
2022-10-31,115.19
2022-11-01,115.19
2022-11-02,115.19
2022-11-03,115.185
2022-11-04,115.185
2022-11-07,115.19
2022-11-08,115.185
2022-11-09,115.195
2022-11-10,115.195
2022-11-11,115.2
2022-11-14,115.2
2022-11-15,115.205
2022-11-16,115.17
2022-11-17,115.225
2022-11-18,115.22
2022-11-21,115.245
2022-11-22,115.25
2022-11-23,115.24
2022-11-24,115.265
2022-11-25,115.185
2022-11-28,115.24
2022-11-29,115.25
2022-11-30,115.275
2022-12-01,115.26
2022-12-02,115.28
2022-12-05,115.25
2022-12-06,115.38
2022-12-07,115.3
2022-12-08,115.305
2022-12-09,115.3
2022-12-12,115.295
2022-12-13,115.285
2022-12-14,115.29
2022-12-15,115.3
2022-12-16,115.37
2022-12-19,115.365
2022-12-20,115.375
2022-12-21,115.295
2022-12-22,115.32
2022-12-23,115.425
2022-12-27,115.445
2022-12-28,115.445
2022-12-29,115.385
2022-12-30,115.405
2023-01-02,115.4
2023-01-03,115.4
2023-01-04,115.375
2023-01-05,115.38
2023-01-06,115.36
2023-01-09,115.38
2023-01-10,115.315
2023-01-11,115.335
2023-01-12,115.43
2023-01-13,115.41
2023-01-16,115.45
2023-01-17,115.365
2023-01-18,115.405
2023-01-19,115.46
2023-01-20,115.46
2023-01-23,115.46
2023-01-24,115.4
2023-01-25,115.42
2023-01-26,115.51
2023-01-27,115.42
2023-01-30,115.45
2023-01-31,115.45
2023-02-01,115.515
2023-02-02,115.42
2023-02-03,115.44
2023-02-06,115.465
2023-02-07,115.52
2023-02-08,115.535
2023-02-09,115.54
2023-02-10,115.54
2023-02-13,115.49
2023-02-14,115.51
2023-02-15,115.57
2023-02-16,115.565
2023-02-17,115.5
2023-02-20,115.52
2023-02-21,115.5
2023-02-22,115.625
2023-02-23,115.635
2023-02-24,115.645
2023-02-27,115.655
2023-02-28,115.625
2023-03-01,115.68
2023-03-02,115.675
2023-03-03,115.62
2023-03-06,115.695
2023-03-07,115.66
2023-03-08,115.715
2023-03-09,115.71
2023-03-10,115.75
2023-03-13,115.81
2023-03-14,115.815
2023-03-15,115.855
2023-03-16,115.84
2023-03-17,115.85
2023-03-20,115.83
2023-03-21,115.87
2023-03-22,115.895
2023-03-23,115.805
2023-03-24,115.83
2023-03-27,115.9
2023-03-28,115.9
2023-03-29,115.915
2023-03-30,115.855
2023-03-31,115.98
2023-04-03,115.925
2023-04-04,115.88
2023-04-05,115.98
2023-04-06,116.03
2023-04-11,115.935
2023-04-12,116.045
2023-04-13,116.06
2023-04-14,116.06
2023-04-17,115.99
2023-04-18,116.0
2023-04-19,116.075
2023-04-20,116.095
2023-04-21,116.04
2023-04-24,116.115
2023-04-25,116.06
2023-04-26,116.115
2023-04-27,116.07
2023-04-28,116.17
2023-05-02,116.18
2023-05-03,116.18
2023-05-04,116.22
2023-05-05,116.145
2023-05-08,116.18
2023-05-09,116.23
2023-05-10,116.26
2023-05-11,116.26
2023-05-12,116.235
2023-05-15,116.245
2023-05-16,116.255
2023-05-17,116.26
2023-05-18,116.3
2023-05-19,116.295
2023-05-22,116.3
2023-05-23,116.34
2023-05-24,116.355
2023-05-25,116.35
2023-05-26,116.41
2023-05-29,116.385
2023-05-30,116.38
2023-05-31,116.43
2023-06-01,116.975
2023-06-02,116.44
2023-06-05,116.415
2023-06-06,116.46
2023-06-07,116.495
2023-06-08,116.51
2023-06-09,116.51
2023-06-12,116.505
2023-06-13,116.46
2023-06-14,116.5
2023-06-15,116.545
2023-06-16,116.585
2023-06-19,116.555
2023-06-20,116.535
2023-06-21,116.56
2023-06-22,116.58
2023-06-23,116.595
2023-06-26,116.605
2023-06-27,116.62
2023-06-28,116.605
2023-06-29,116.755
2023-06-30,116.67
2023-07-03,116.665
2023-07-04,116.68
2023-07-05,116.635
2023-07-06,116.725
2023-07-07,116.735
2023-07-10,116.725
2023-07-11,116.725
2023-07-12,116.73
2023-07-13,116.78
2023-07-14,116.79
2023-07-17,116.79
2023-07-18,116.805
2023-07-19,116.815
2023-07-20,116.875
2023-07-21,116.87
2023-07-24,116.875
2023-07-25,116.87
2023-07-26,116.905
2023-07-27,116.91
2023-07-28,116.93
2023-07-31,116.95
2023-08-01,116.96
2023-08-02,116.975
2023-08-03,116.99
2023-08-04,117.06
2023-08-07,117.035
2023-08-08,117.03
2023-08-09,117.045
2023-08-10,117.07
2023-08-11,117.09
2023-08-14,117.085
2023-08-15,117.09
2023-08-16,117.13
2023-08-17,117.17
2023-08-18,117.185
2023-08-21,117.19
2023-08-22,117.18
2023-08-23,117.2
2023-08-24,117.215
2023-08-25,117.215
2023-08-28,117.245
2023-08-29,117.25
2023-08-30,117.455
2023-08-31,117.32
2023-09-01,117.385
2023-09-04,117.35
2023-09-05,117.37
2023-09-06,117.375
2023-09-07,117.42
2023-09-08,117.4
2023-09-11,117.43
2023-09-12,117.435
2023-09-13,117.42
2023-09-14,117.495
2023-09-15,117.475
2023-09-18,117.5
2023-09-19,117.535
2023-09-20,117.47
2023-09-21,117.51
2023-09-22,117.56
2023-09-25,117.57
2023-09-26,117.555
2023-09-27,117.6
2023-09-28,117.62
2023-09-29,117.66
2023-10-02,117.66
2023-10-03,117.64
2023-10-04,117.62
2023-10-05,117.715
2023-10-06,117.675
2023-10-09,117.675
2023-10-10,117.675
2023-10-11,117.755
2023-10-12,117.76
2023-10-13,117.775
2023-10-16,117.805
2023-10-17,117.82
2023-10-18,117.835
2023-10-19,117.845
2023-10-20,117.88
2023-10-23,117.905
2023-10-24,117.85
2023-10-25,117.895
2023-10-26,117.91
2023-10-27,117.93
2023-10-30,117.965
2023-10-31,117.99
2023-11-01,117.9
2023-11-02,117.985
2023-11-03,118.03
2023-11-06,118.025
2023-11-07,118.025
2023-11-08,118.055
2023-11-09,118.075
2023-11-10,118.12
2023-11-13,118.095
2023-11-14,118.105
2023-11-15,118.165
2023-11-16,118.16
2023-11-17,118.19
2023-11-20,118.19
2023-11-21,118.21
2023-11-22,118.215
2023-11-23,118.235
2023-11-24,118.245
2023-11-27,118.29
2023-11-28,118.28
2023-11-29,118.235
2023-11-30,118.32
2023-12-01,118.33
2023-12-04,118.365
2023-12-05,118.395
2023-12-06,118.355
2023-12-07,118.405
2023-12-08,118.455
2023-12-11,118.445
2023-12-12,118.445
2023-12-13,118.41
2023-12-14,118.53
2023-12-15,118.525
2023-12-18,118.53
2023-12-19,118.53
2023-12-20,118.535
2023-12-21,118.625
2023-12-22,118.65
2023-12-27,118.68
2023-12-28,118.72
2023-12-29,118.735
2024-01-02,118.76
2024-01-03,118.755
2024-01-04,118.775
2024-01-05,118.805
2024-01-08,118.78
2024-01-09,118.775
2024-01-10,118.775
2024-01-11,118.84
2024-01-12,118.85
2024-01-15,118.85
2024-01-16,118.89
2024-01-17,118.82
2024-01-18,118.89
2024-01-19,118.88
2024-01-22,118.9
2024-01-23,118.925
2024-01-24,118.945
2024-01-25,118.995
2024-01-26,119.02
2024-01-29,119.03
2024-01-30,119.04
2024-01-31,119.055
2024-02-01,119.085
2024-02-02,119.065
2024-02-05,119.07
2024-02-06,119.095
2024-02-07,119.105
2024-02-08,119.155
2024-02-09,119.145
2024-02-12,119.16
2024-02-13,119.175
2024-02-14,119.18
2024-02-15,119.225
2024-02-16,119.255
2024-02-19,119.275
2024-02-20,119.285
2024-02-21,119.29
2024-02-22,119.305
2024-02-23,119.345
2024-02-26,119.365
2024-02-27,119.365
2024-02-28,119.4
2024-02-29,119.42
2024-03-01,119.405
2024-03-04,119.42
2024-03-05,119.435
2024-03-06,119.435
2024-03-07,119.44
2024-03-08,119.47
2024-03-11,119.48
2024-03-12,119.49
2024-03-13,119.53
2024-03-14,119.56
2024-03-15,119.57
2024-03-18,119.57
2024-03-19,119.56
2024-03-20,119.61
2024-03-21,119.675
2024-03-22,119.665
2024-03-25,119.67
2024-03-26,119.66
2024-03-27,119.755
2024-03-28,119.775
2024-04-02,119.78
2024-04-03,119.775
2024-04-04,119.79
2024-04-05,119.81
2024-04-08,119.82
2024-04-09,119.835
2024-04-10,119.875
2024-04-11,119.895
2024-04-12,119.89
2024-04-15,119.91
2024-04-16,119.915
2024-04-17,119.925
2024-04-18,119.97
2024-04-19,119.995
2024-04-22,119.99
2024-04-23,120.025
2024-04-24,120.035
2024-04-25,120.07
2024-04-26,120.085
2024-04-29,120.09
2024-04-30,120.13
2024-05-02,120.165
2024-05-03,120.14
2024-05-06,120.155
2024-05-07,120.18
2024-05-08,120.195
2024-05-09,120.235
2024-05-10,120.25
2024-05-13,120.265
2024-05-14,120.23
2024-05-15,120.265
2024-05-16,120.295
2024-05-17,120.31
2024-05-20,120.32
2024-05-21,120.345
2024-05-22,120.345
2024-05-23,120.385
2024-05-24,120.39
2024-05-27,120.43
2024-05-28,120.435
2024-05-29,120.425
2024-05-30,120.46
2024-05-31,120.515
2024-06-03,120.51
2024-06-04,120.525
2024-06-05,120.5
2024-06-06,120.565
2024-06-07,120.6
2024-06-10,120.58
2024-06-11,120.615
2024-06-12,120.65
2024-06-13,120.68
2024-06-14,120.695
2024-06-17,120.66
2024-06-18,120.69
2024-06-19,120.71
2024-06-20,120.755
2024-06-21,120.745
2024-06-24,120.74
2024-06-25,120.78
2024-06-26,120.79
2024-06-27,120.83
2024-06-28,120.835
2024-07-01,120.84
2024-07-02,120.865
2024-07-03,120.885
2024-07-04,120.925
2024-07-05,120.935
2024-07-08,120.925
2024-07-09,120.91
2024-07-10,120.975
2024-07-11,121.005
2024-07-12,121.015
2024-07-15,121.025
2024-07-16,121.03
2024-07-17,121.075
2024-07-18,121.08
2024-07-19,121.125
2024-07-22,121.095
2024-07-23,121.135
2024-07-24,121.14
2024-07-25,121.175
2024-07-26,121.185
2024-07-29,121.205
2024-07-30,121.2
2024-07-31,121.22
2024-08-01,121.265
2024-08-02,121.47
2024-08-05,121.265
2024-08-06,121.295
2024-08-07,121.385
2024-08-08,121.38
2024-08-09,121.325
2024-08-12,121.4
2024-08-13,121.39
2024-08-14,121.4
2024-08-15,121.435
2024-08-16,121.475
2024-08-19,121.445
2024-08-20,121.475
2024-08-21,121.545
2024-08-22,121.535
2024-08-23,121.56
2024-08-26,121.53
2024-08-27,121.55
2024-08-28,121.575
2024-08-29,121.635
2024-08-30,121.605
2024-09-02,121.58
2024-09-03,121.675
2024-09-04,121.555
2024-09-05,121.645
2024-09-06,121.605
2024-09-09,121.69
2024-09-10,121.7
2024-09-11,121.71
2024-09-12,121.715
2024-09-13,121.77
2024-09-16,121.775
2024-09-17,121.79
2024-09-18,121.815
2024-09-19,121.86
2024-09-20,121.85
2024-09-23,121.855
2024-09-24,121.94
2024-09-25,121.875
2024-09-26,121.995
2024-09-27,121.935
2024-09-30,122.01
2024-10-01,121.98
2024-10-02,121.96
2024-10-03,121.98
2024-10-04,122.04
2024-10-07,122.035
2024-10-08,122.095
2024-10-09,122.07
2024-10-10,122.095
2024-10-11,122.08
2024-10-14,122.12
2024-10-15,122.06
2024-10-16,122.055
2024-10-17,122.15
2024-10-18,122.18
2024-10-21,122.155
2024-10-22,122.175
2024-10-23,122.2
2024-10-24,122.26
2024-10-25,122.27
2024-10-28,122.29
2024-10-29,122.285
2024-10-30,122.195
2024-10-31,122.19
2024-11-01,122.33
2024-11-04,122.32
2024-11-05,122.265
2024-11-06,122.245
2024-11-07,122.245
2024-11-08,122.365
2024-11-11,122.385
2024-11-12,122.4
2024-11-13,122.365
2024-11-14,122.45
2024-11-15,122.475
2024-11-18,122.47
2024-11-19,122.39
2024-11-20,122.46
2024-11-21,122.48
2024-11-22,122.515
2024-11-25,122.52
2024-11-26,122.52
2024-11-27,122.64
2024-11-28,122.545
2024-11-29,122.605
2024-12-02,122.54
2024-12-03,122.675
2024-12-04,122.635
2024-12-05,122.67
2024-12-06,122.715
2024-12-09,122.62
2024-12-10,122.665
2024-12-11,122.735
2024-12-12,122.755
2024-12-13,122.785
2024-12-16,122.81
2024-12-17,122.805
2024-12-18,122.8
2024-12-19,122.84
2024-12-20,122.735
2024-12-23,122.885
2024-12-24,122.99
2024-12-27,122.805
2024-12-30,122.94
2024-12-31,122.93
2025-01-02,122.965
2025-01-03,122.875
2025-01-06,122.98
2025-01-07,123.0
2025-01-08,122.945
2025-01-09,123.01
2025-01-10,123.02
2025-01-13,122.915
2025-01-14,123.06
2025-01-15,123.04
2025-01-16,123.05
2025-01-17,123.07
2025-01-20,123.07
2025-01-21,123.055
2025-01-22,123.105
2025-01-23,123.02
2025-01-24,123.085
2025-01-27,123.11
2025-01-28,123.1
2025-01-29,123.11
2025-01-30,123.16
2025-01-31,123.145
2025-02-03,123.255
2025-02-04,123.175
2025-02-05,123.135
2025-02-06,123.24
2025-02-07,123.255
2025-02-10,123.265
2025-02-11,123.18
2025-02-12,123.265
2025-02-13,123.3
2025-02-14,123.315
2025-02-17,123.33
2025-02-18,123.315
2025-02-19,123.335
2025-02-20,123.365
2025-02-21,123.315
2025-02-24,123.4
2025-02-25,123.385
2025-02-26,123.435
2025-02-27,123.45
2025-02-28,123.445
2025-03-03,123.44
2025-03-04,123.455
2025-03-05,123.405
2025-03-06,123.545
2025-03-07,123.55
2025-03-10,123.41
2025-03-11,123.42
2025-03-12,123.49
2025-03-13,123.575
2025-03-14,123.55
2025-03-17,123.57
2025-03-18,123.545
2025-03-19,123.58
2025-03-20,123.61
2025-03-21,123.61
2025-03-24,123.58
2025-03-25,123.6
2025-03-26,123.635
2025-03-27,123.645
2025-03-28,123.685
2025-03-31,123.655
2025-04-01,123.645
2025-04-02,123.705
2025-04-03,123.755
2025-04-04,123.635
2025-04-07,124.095
2025-04-08,123.9
2025-04-09,124.535
2025-04-10,124.53
2025-04-11,123.65
2025-04-14,123.86
2025-04-15,123.765
2025-04-16,123.88
2025-04-17,123.98
2025-04-22,123.905
2025-04-23,123.865
2025-04-24,123.945
2025-04-25,123.955
2025-04-28,123.93
2025-04-29,123.945
2025-04-30,123.935
2025-05-02,123.99
2025-05-05,123.935
2025-05-06,123.965
2025-05-07,124.005
2025-05-08,124.015
2025-05-09,124.03
2025-05-12,124.26
2025-05-13,124.055
2025-05-14,124.075
2025-05-15,124.05
2025-05-16,124.035
2025-05-19,124.075
2025-05-20,124.08
2025-05-21,124.075
2025-05-22,124.115
2025-05-23,124.095
2025-05-26,124.1
2025-05-27,124.13
2025-05-28,124.13
2025-05-29,124.17
2025-05-30,124.155
2025-06-02,124.15
2025-06-03,124.155
2025-06-04,124.18
2025-06-05,124.18
2025-06-06,124.195
2025-06-09,124.205
2025-06-10,124.16
2025-06-11,124.21
2025-06-12,124.28
2025-06-13,124.245
2025-06-16,124.19
2025-06-17,124.27
2025-06-18,124.285
2025-06-19,124.26
2025-06-20,124.015
2025-06-23,124.26
2025-06-24,124.3
2025-06-25,124.27
2025-06-26,124.33
2025-06-27,124.31
2025-06-30,124.31
2025-07-01,124.34
2025-07-02,124.305
2025-07-03,124.32
2025-07-04,124.35
2025-07-07,124.36
2025-07-08,124.385
2025-07-09,124.35
2025-07-10,124.395
2025-07-11,124.3
2025-07-14,124.375
2025-07-15,124.415
2025-07-16,124.41
2025-07-17,124.44
2025-07-18,124.005
2025-07-21,124.855
2025-07-22,123.56
2025-07-23,124.435
2025-07-24,124.435
2025-07-25,124.53
2025-07-28,124.485
2025-07-29,124.455
2025-07-30,124.45
2025-07-31,124.48
2025-08-01,124.505
2025-08-04,124.51
2025-08-05,124.575
2025-08-06,124.445
2025-08-07,124.42
2025-08-08,124.54
2025-08-11,124.565
2025-08-12,124.555
2025-08-13,124.58
2025-08-14,124.625
2025-08-15,124.585
2025-08-18,124.6
2025-08-19,124.605
2025-08-20,124.62
2025-08-21,124.635
2025-08-22,124.62
2025-08-25,124.66
2025-08-26,124.675
2025-08-27,124.655
2025-08-28,124.675
2025-08-29,124.68
2025-09-01,124.68
2025-09-02,124.7
2025-09-03,124.71
2025-09-04,124.7
2025-09-05,124.735
2025-09-08,124.745
2025-09-09,124.735
2025-09-10,124.73
2025-09-11,124.8
2025-09-12,124.755
2025-09-15,124.77
2025-09-16,124.825
2025-09-17,124.8
2025-09-18,124.79
2025-09-19,124.805
2025-09-22,124.83
2025-09-23,124.815
2025-09-24,124.86
2025-09-25,124.85
2025-09-26,124.855
2025-09-29,124.85
2025-09-30,124.85
2025-10-01,124.895
2025-10-02,124.92
2025-10-03,124.895
2025-10-06,124.925
2025-10-07,124.92
2025-10-08,124.93
2025-10-09,124.945
2025-10-10,124.935
2025-10-13,124.99
2025-10-14,124.985
2025-10-15,125.01
2025-10-16,125.025
2025-10-17,124.99
2025-10-20,125.0
2025-10-21,125.02
2025-10-22,125.01
2025-10-23,125.04
2025-10-24,125.0263
2025-10-27,125.045
2025-10-28,125.045
2025-10-29,125.05
2025-10-30,125.075
2025-10-31,125.08
2025-11-03,125.1
2025-11-04,125.095
2025-11-05,125.1
2025-11-06,125.13
2025-11-07,125.12
2025-11-10,125.12
2025-11-11,125.13
2025-11-12,125.135
2025-11-13,125.18
2025-11-14,125.165
2025-11-17,125.18
2025-11-18,125.205
2025-11-19,125.195
2025-11-20,125.235
2025-11-21,125.21
2025-11-24,125.21
2025-11-25,125.22
2025-11-26,125.215
2025-11-27,125.255
2025-11-28,125.265
2025-12-01,125.275
2025-12-02,125.26
2025-12-03,125.265
2025-12-04,125.25
2025-12-05,125.295
2025-12-08,125.295
2025-12-09,125.29
2025-12-10,125.315
2025-12-11,125.325
2025-12-12,125.35
2025-12-15,125.33
2025-12-16,125.325
2025-12-17,125.335
2025-12-18,125.39
2025-12-19,125.39
2025-12-22,125.4
2025-12-23,125.445
2025-12-24,125.405
2025-12-29,125.46
2025-12-30,125.465
2025-12-31,125.475
2026-01-02,125.485
2026-01-05,125.51
2026-01-06,125.545
2026-01-07,125.605
2026-01-08,125.515
2026-01-09,125.56
2026-01-12,125.58
2026-01-13,125.58
2026-01-14,125.57
2026-01-15,125.58
2026-01-16,125.65
2026-01-19,125.63
2026-01-20,125.595
2026-01-21,125.61
2026-01-22,125.695
2026-01-23,125.675
2026-01-26,125.605
2026-01-27,125.67
2026-01-28,125.63
2026-01-29,125.64
2026-01-30,125.67
2026-02-02,125.685
2026-02-03,125.665
2026-02-04,125.685
2026-02-05,125.75
2026-02-06,125.73
2026-02-09,125.755
2026-02-10,125.79
2026-02-11,125.8
2026-02-12,125.77
2026-02-13,125.735
2026-02-16,125.78
2026-02-17,125.81
2026-02-18,125.8
2026-02-19,125.78
2026-02-20,125.795
2026-02-23,125.8
2026-02-24,125.78
2026-02-25,125.815
2026-02-26,125.825
2026-02-27,125.855
2026-03-02,125.85
2026-03-03,125.845
2026-03-04,125.86
2026-03-05,125.93
2026-03-06,125.895
2026-03-09,125.855
2026-03-10,125.925
2026-03-11,125.9
2026-03-12,125.95
2026-03-13,125.9
2026-03-16,125.915
2026-03-17,125.94
2026-03-18,125.96
2026-03-19,125.93
2026-03-20,125.935
2026-03-23,125.98
2026-03-24,125.995
2026-03-25,125.96
2026-03-26,126.005
2026-03-27,125.975
2026-03-30,126.07
2026-03-31,126.01
2026-04-01,126.085
2026-04-02,126.06
2026-04-07,126.055
2026-04-08,126.135
2026-04-09,126.1
2026-04-10,126.15
2026-04-13,126.145
2026-04-14,126.16
2026-04-15,126.165
2026-04-16,126.195
2026-04-17,126.2
2026-04-20,126.225
2026-04-21,126.15
2026-04-22,126.23
2026-04-23,126.245
2026-04-24,126.245
2026-04-27,126.255
2026-04-28,126.235
2026-04-29,126.275
2026-04-30,126.285
2026-05-04,126.285
2026-05-05,126.295
2026-05-06,126.305
2026-05-07,126.305
2026-05-08,126.345
2026-05-11,126.335
2026-05-12,126.345
2026-05-13,126.36
2026-05-14,126.36
2026-05-15,126.37
2026-05-18,126.39
2026-05-19,126.405
2026-05-20,126.435
2026-05-21,126.42
2026-05-22,126.445
2026-05-25,126.455
2026-05-26,126.4
2026-05-27,126.41
2026-05-28,126.46
2026-05-29,126.49
2026-06-01,126.47
2026-06-02,126.47
2026-06-03,126.465
2026-06-04,126.5
2026-06-05,126.49
2026-06-08,126.41
2026-06-09,126.475
2026-06-10,126.5
2026-06-11,126.505
2026-06-12,126.48
2026-06-15,126.515
2026-06-16,126.535
2026-06-17,126.54
2026-06-18,126.55
2026-06-19,126.57
2026-06-22,126.57
2026-06-23,126.58
2026-06-24,126.54
2026-06-25,126.57
2026-06-26,126.61
2026-06-29,126.62
2026-06-30,126.6
2026-07-01,126.66
2026-07-02,126.69
2026-07-03,126.67
2026-07-06,126.67
2026-07-07,126.66
2026-07-08,126.67
2026-07-09,126.68
2026-07-10,126.74
2026-07-13,126.72
2026-07-14,126.73
2026-07-15,126.75
2026-07-16,126.78
2026-07-17,126.79
2026-07-20,126.8
2026-07-21,126.84
2026-07-22,126.75
2026-07-23,126.83
2026-07-24,126.86
2026-07-27,126.87
2026-07-28,126.87
2026-07-29,126.87
2026-07-30,126.89
2026-07-31,126.9
2026-08-03,126.91
2026-08-04,126.9
2026-08-05,126.93
